The Moth,http://feeds.feedburner.com/themothpodcast
You Made It Weird with Pete Holmes,http://feeds.feedburner.com/YouMadeItWeird
BackStory,https://audioboom.com/channels/4987698.rss
Slate Money,https://feeds.megaphone.fm/slatemoney
"Death, Sex &amp; Money",http://feeds.feedburner.com/deathsexmoney
This Week in Virology,https://twiv.libsyn.com/twiv
"Amicus With Dahlia Lithwick | Law, justice, and the courts",https://feeds.megaphone.fm/slatesamicuswithdahlialithwick
This American Life,https://www.thisamericanlife.org/podcast/rss.xml
Cortex,https://www.relay.fm/cortex/feed
Top Four,https://www.relay.fm/topfour/feed
Explain It to Me,https://feeds.megaphone.fm/theweeds
Upgrade,https://www.relay.fm/upgrade/feed
Under the Radar,https://www.relay.fm/radar/feed
The Press Box,https://feeds.megaphone.fm/the-press-box
Bear Download — A Chicago Bears podcast,https://bearsdownload.libsyn.com/rss
The Ringer NFL Show,https://feeds.megaphone.fm/the-ringer-nfl-show
The Ringer NBA Show,https://feeds.megaphone.fm/the-ringer-nba-show
Ask Me Another,https://feeds.npr.org/510299/podcast.xml
Invisibilia,https://feeds.npr.org/510307/podcast.xml
Larry Wilmore: Black on the Air,https://feeds.megaphone.fm/larry-wilmore
50 Things That Made the Modern Economy,https://podcasts.files.bbci.co.uk/p04b1g3c.rss
Joie de Vivek - A Sacramento Kings Podcast,https://feeds.soundcloud.com/users/soundcloud:users:314185660/sounds.rss
Ringer Food,https://feeds.megaphone.fm/house-of-carbs
Making Sense with Sam Harris,https://wakingup.libsyn.com/rss
The Mismatch,https://feeds.megaphone.fm/the-jj-redick-podcast
CoinTalk™️,https://feeds.simplecast.com/yeL_8yPl
Business Wars,https://rss.art19.com/business-wars
Slow Burn,https://feeds.megaphone.fm/watergate
Decoder Ring,https://feeds.megaphone.fm/decoderring
Open to Debate,https://feeds.megaphone.fm/PNP1207584390
"Big Mood, Little Mood with Daniel M. Lavery",https://feeds.megaphone.fm/SM3958815784
Political Gabfest,https://feeds.megaphone.fm/slatespoliticalgabfest
Slate Culture,https://feeds.megaphone.fm/slatesculturegabfest
Practical AI,https://feeds.transistor.fm/practical-ai-machine-learning-data-science-llm
Scholars Strategy Network&apos;s No Jargon,https://nojargon.libsyn.com/rss
The Ryen Russillo Podcast,https://feeds.megaphone.fm/the-ryen-russillo-podcast
Special Sauce with Ed Levine,https://feed.thespecialsaucepodcast.com
Pivot,https://feeds.megaphone.fm/pivot
The Knowledge Project with Shane Parrish,https://feeds.megaphone.fm/FSMI7575968096
In the Making,https://feeds.simplecast.com/IWd_z6c8
The Watch,https://feeds.megaphone.fm/the-watch
Exponent,https://exponent.fm/feed/
Filmspotting,https://feeds.megaphone.fm/filmspotting
Future Perfect,https://feeds.megaphone.fm/futureperfect
Decoder with Nilay Patel,https://feeds.megaphone.fm/recodedecode
Trial by Content,https://feeds.megaphone.fm/recappables
The Gray Area with Sean Illing,https://feeds.megaphone.fm/theezrakleinshow
Channels with Peter Kafka,https://feeds.megaphone.fm/recodemedia
The Vergecast,https://feeds.megaphone.fm/vergecast
Articles of Interest,https://feed.articlesofinterest.club/
Welcome to LA,https://feeds.libsyn.com/575400/rss
Marketplace,https://www.marketplace.org/feed/podcast/marketplace
Land of the Giants,https://feeds.megaphone.fm/landofthegiants
Ringer Dish,https://feeds.megaphone.fm/ringer-dish
This Is Uncomfortable,https://feeds.publicradio.org/public_feeds/this-is-uncomfortable
The Journal.,https://video-api.wsj.com/podcast/rss/wsj/the-journal
Conversations with Tyler,https://cowenconvos.libsyn.com/rss
16 Minutes News by a16z,https://feeds.simplecast.com/j9kKMsfH
BROKEN: Jeffrey Epstein,https://rss.pdrl.fm/9fdff8/feeds.megaphone.fm/brokenjeffreyepstein
The Lead,https://rss.art19.com/the-lead
Scam Goddess,https://feeds.simplecast.com/4YELvXgu
Hollinger &amp; Duncan NBA Show - NBA Basketball Podcast,https://feeds.simplecast.com/58vfNLpd
"Today, Explained",https://feeds.megaphone.fm/VMP5705694065
Freakonomics Radio,https://feeds.simplecast.com/Y8lFbOT4
You&apos;re Wrong About,https://feeds.buzzsprout.com/1112270.rss
The Prof G Pod with Scott Galloway,https://feeds.megaphone.fm/WWO6655869236
Numbers and Narrative,https://numbersandnarrative.libsyn.com/rss
"All-In with Chamath, Jason, Sacks &amp; Friedberg",https://allinchamathjason.libsyn.com/rss
Planet Money,https://feeds.npr.org/510289/podcast.xml
Pop Culture Happy Hour,https://feeds.npr.org/510282/podcast.xml
The NPR Politics Podcast,https://feeds.npr.org/510310/podcast.xml
Throughline,https://feeds.npr.org/510333/podcast.xml
The Indicator from Planet Money,https://feeds.npr.org/510325/podcast.xml
Wait Wait... Don&apos;t Tell Me!,https://feeds.npr.org/344098539/podcast.xml
Time To Say Goodbye,https://api.substack.com/feed/podcast/38441.rss
Please Clap,http://andrewandkerry.com/pleaseclap/feed.xml
Book of Basketball 2.0,https://feeds.megaphone.fm/the-book-of-basketball-podcast
The Rewatchables,https://feeds.megaphone.fm/the-rewatchables
The Big Picture,https://feeds.megaphone.fm/the-big-picture
The Bill Simmons Podcast,https://feeds.megaphone.fm/the-bill-simmons-podcast
Dwarkesh Podcast,https://api.substack.com/feed/podcast/69345.rss
PTI,https://feeds.megaphone.fm/ESP7239282233
Greeking Out from National Geographic Kids,https://feeds.megaphone.fm/ESP4751925729
Lex Fridman Podcast,https://lexfridman.com/feed/podcast/
Million Bazillion,https://feeds.publicradio.org/public_feeds/million-bazillion
&quot;Age of Miracles&quot;,https://feeds.megaphone.fm/ageofmiracles
Raising Health,https://feeds.simplecast.com/BXDamaKF
Chameleon: Dr. Miracle,https://rss.pdrl.fm/5b6e1a/feeds.megaphone.fm/chameleon
The Athletic Football Show: A show about the NFL,https://feeds.acast.com/public/shows/681cc905bdc60241406b737f
Hoge &amp; Jahns: a show about the Chicago Bears,https://feeds.simplecast.com/DxWJevnw
Coin Bureau,https://feeds.buzzsprout.com/1442614.rss
Recipe Club,https://feeds.megaphone.fm/dave-chang-recipe-club
The Anthropocene Reviewed,https://feeds.simplecast.com/p7S4nr_h
S-Town,https://feeds.simplecast.com/CpvnpIaj
Serial,https://feeds.simplecast.com/xl36XBC2
EconTalk,https://feeds.simplecast.com/wgl4xEgL
The Swyx Mixtape,https://feeds.transistor.fm/learn-in-podcast
Going Deep with Chad and JT,https://www.omnycontent.com/d/playlist/885ace83-027a-47ad-ad67-aca7002f1df8/bec1e3b0-e0bc-4bfc-a9d2-aca900022915/e2a84fa8-ca61-495c-9da3-aca90002291e/podcast.rss
CHGO Chicago Bears Podcast,https://feeds.simplecast.com/oSbdDATR
CryptoNews Podcast,https://feeds.buzzsprout.com/1735660.rss
Not Investment Advice,https://feeds.acast.com/public/shows/607879ddfbe1eb33d6525119
Why Is This Happening? The Chris Hayes Podcast,https://podcastfeeds.nbcnews.com/Ftpd36Dg
The Lawfare Podcast,https://feeds.acast.com/public/shows/60518a52f69aa815d2dba41c
Bodega Boys,https://feeds.soundcloud.com/users/soundcloud:users:169774121/sounds.rss
99% Invisible,https://feeds.simplecast.com/BqbsxVfO
Waveform: The MKBHD Podcast,https://feeds.megaphone.fm/STU4418364045
The Full Go with Jason Goff,https://feeds.megaphone.fm/the-full-go
Impolitic with John Heilemann,https://feeds.megaphone.fm/hell-high-water
The Prestige TV Podcast,https://feeds.megaphone.fm/tvconcierge
People I (Mostly) Admire,https://feeds.simplecast.com/rP60Wf24
Bad Bets,https://video-api.wsj.com/podcast/rss/wsj/bad-bets?partner=itunes
Plain English with Derek Thompson,https://feeds.megaphone.fm/plain-english
Hidden Brain,https://feeds.simplecast.com/kwWc0lhf
Intelligence Squared,https://feeds.megaphone.fm/NSR6363847171
ACQ2 by Acquired,https://feeds.transistor.fm/acq2
The Sporkful,https://feeds.simplecast.com/n91GPFY5
Christopher Kimball’s Milk Street Radio,https://publicfeeds.net/f/9135/feed-rss.xml
Big Technology Podcast,https://feeds.megaphone.fm/LI3617121267
The Town with Matthew Belloni,https://feeds.megaphone.fm/the-town-with-matthew-belloni
The Ringer F1 Show,https://feeds.megaphone.fm/paddock-pass
SI Media With Jimmy Traina,https://feeds.redcircle.com/e3b3fd60-e66c-4564-a045-969f9b0fa72a
The Powers That Be: Daily,https://feeds.megaphone.fm/powers-that-be
My Year in Mensa,https://www.omnycontent.com/d/playlist/e73c998e-6e60-432f-8610-ae210140c5b1/b940fe2f-2f6a-447a-91b5-ae2e00387257/e02c6837-fce9-4fb1-85f5-ae2e00387265/podcast.rss
Masters in Business,https://www.omnycontent.com/d/playlist/e73c998e-6e60-432f-8610-ae210140c5b1/4e4cd910-40a1-4619-a5f3-ae2b0012ffff/5873a3cb-298f-40bc-b71f-ae2b0013000d/podcast.rss
Odd Lots,https://www.omnycontent.com/d/playlist/e73c998e-6e60-432f-8610-ae210140c5b1/8a94442e-5a74-4fa2-8b8d-ae27003a8d6b/982f5071-765c-403d-969d-ae27003a8d83/podcast.rss
Revisionist History,https://www.omnycontent.com/d/playlist/e73c998e-6e60-432f-8610-ae210140c5b1/0e563f45-9d14-4ce8-8ef0-ae32006cd7e7/0d4cc74d-fff7-4b89-8818-ae32006cd7f0/podcast.rss
Against the Rules with Michael Lewis,https://www.omnycontent.com/d/playlist/e73c998e-6e60-432f-8610-ae210140c5b1/f4e26994-3ddb-4ec7-b855-ae32006cd5de/ea4fae0c-3282-4cfd-b315-ae32006cd5ec/podcast.rss
The Fifth Column,https://api.substack.com/feed/podcast/815642.rss
The Tony Kornheiser Show,https://feeds.megaphone.fm/the-tony-kornheiser-show
The Intelligence from The Economist,https://access.acast.com/rss/d556eb54-6160-4c85-95f4-47d9f5216c49
Fantasy Football Happy Hour with Matthew Berry,https://feeds.simplecast.com/8PBMLPBg
On with Kara Swisher,https://feeds.megaphone.fm/VMP1684715893
Song Exploder,https://feed.songexploder.net/SongExploder
FRONTLINE: Film Audio Track | PBS,https://feeds.feedburner.com/FrontlineAudiocastPbs
the memory palace,http://feeds.thememorypalace.us/thememorypalace
Benjamen Walker&apos;s Theory of Everything,https://feeds.feedburner.com/TOE
The Citizen Stewart Show,https://feeds.megaphone.fm/LDI7859309966
Stratechery,https://rss.stratechery.passport.online/feed/podcast/MMs7xScDXhCnUAesQqB2Xa
Dithering,https://rss.dithering.passport.online/feed/podcast/MMs7xScDXhCnUAesQqB2Xa
Sharp Tech with Ben Thompson,https://sharptech.fm/feed/podcast/MMs7xScDXhCnUAesQqB2Xa
Sharp China with Sinocism’s Bill Bishop,https://sharpchina.fm/feed/podcast/MMs7xScDXhCnUAesQqB2Xa
Greatest Of All Talk (Stratechery Plus Edition),https://goat.passport.online/feed/podcast/6EynvegSpNaDpnt4DJsHzD
All the Hacks with Chris Hutchins,https://feeds.megaphone.fm/ATHLLC4474951365
"&quot;The Cognitive Revolution&quot; | AI Builders, Researchers, and Live Player Analysis",https://feeds.megaphone.fm/RINTP3108857801
P1 with Matt and Tommy,https://feeds.acast.com/public/shows/63e24225436c36001119fc66
The Coldest Case In Laramie,https://feeds.simplecast.com/wHqls8d1
Acquired,https://feeds.transistor.fm/acquired
Normal Gossip,https://publicfeeds.net/f/3492/feed-rss.xml
The Urbanist Agenda,https://rss.art19.com/the-urbanist-agenda
Invest Like the Best with Patrick O&apos;Shaughnessy,https://feeds.megaphone.fm/CLS2859450455
Wisdom of Crowds,https://api.substack.com/feed/podcast/52255.rss
Spellcaster: The Fall of Sam Bankman-Fried,https://rss.art19.com/spellcaster
"80,000 Hours Podcast",https://feeds.transistor.fm/80000-hours-podcast
Search Engine,https://feeds.megaphone.fm/search-engine
safe to eat,https://almartin82.github.io/safe-to-eat/feeds/podcast.xml
Animal Spirits Podcast,https://feeds.megaphone.fm/TCP6464651487
&quot;Econ 102&quot; with Noah Smith and Erik Torenberg,https://feeds.megaphone.fm/econ102
The Adam Friedland Show Podcast,https://www.omnycontent.com/d/playlist/885ace83-027a-47ad-ad67-aca7002f1df8/ab07fc49-2efc-4de6-92bf-b2e3011e17e9/f377cab3-e9e0-4dc2-8356-b2e3011e1800/podcast.rss
The Recipe with Kenji and Deb,https://rss.pdrl.fm/cd4580/feed.therecipepodcast.com/
The Ben &amp; Marc Show,https://feeds.simplecast.com/mAT9rqvu
The Axe Files with David Axelrod,https://feeds.megaphone.fm/WMHY9284588779
Uncanny Valley | WIRED,https://publicfeeds.net/f/5901/gadget-lab
Radiolab,https://feeds.simplecast.com/EmVW7VGp
The Layover,https://podcasts.watchnebula.com/thelayover/44ede2f43c9b47718cefc92a6a1719c8
Money Stuff: The Podcast,https://www.omnycontent.com/d/playlist/e73c998e-6e60-432f-8610-ae210140c5b1/ee4336cb-155f-4488-90e0-b1400134e40e/77e6a3a7-290d-4a82-8164-b14001353ef2/podcast.rss
Useful Idiots with Katie Halper and Aaron Maté,https://feeds.redcircle.com/7090379b-af2f-4972-a14d-b4041f474ee4
On the Media,https://feeds.simplecast.com/o4jAFXaw
Mixed Signals from Semafor Media,https://feeds.megaphone.fm/mixed-signals-semafor-media
Scene on Radio,https://feeds.sceneonradio.org/SceneOnRadio
Shell Game,https://api.substack.com/feed/podcast/87225.rss
The Kevin Rose Show,https://api.substack.com/feed/podcast/2776405.rss
Stavvy&apos;s World,https://audioboom.com/channels/5135319.rss
Hyperfixed,https://rss.pdrl.fm/d3cf31/feed.hyperfixedpod.com/
Hard Fork,https://feeds.simplecast.com/l2i9YnTd
The Ezra Klein Show,https://feeds.simplecast.com/82FI35Px
The Trojan Horse Affair,https://feeds.simplecast.com/B9KgArY4
Nice White Parents,https://feeds.simplecast.com/Z4wHC1c2
Babbage from The Economist,https://feeds.acast.com/public/shows/e421d786-ec36-4148-aa99-7a3b2928a779
The Severance Podcast with Ben Stiller &amp; Adam Scott,https://feeds.megaphone.fm/severance-ben-adam
Asianometry,https://asianometry.passport.online/feed/podcast/MMs7xScDXhCnUAesQqB2Xa
a16z Podcast,https://feeds.simplecast.com/JGE3yC0V
Heavyweight,https://www.omnycontent.com/d/playlist/e73c998e-6e60-432f-8610-ae210140c5b1/afbd76b8-eff2-442a-b938-b28e0126edad/d08826cd-f888-4cd3-b700-b28e0126edbb/podcast.rss
The Kevin Rose Show (private feed for substack@khamel.com),https://api.substack.com/feed/podcast/2776405/private/52581fbd-98ce-4590-9f97-cf43525156c4.rss
Latent Space: The AI Engineer Podcast,https://rss.flightcast.com/vgnxzgiwwzwke85ym53fjnzu.xml
The Zach Lowe Show,https://feeds.megaphone.fm/zach-lowe
Lenny&apos;s Reads,https://api.substack.com/feed/podcast/10845/s/215368.rss
The Daily Show: Ears Edition,https://feeds.megaphone.fm/QCD2422844292
Dear Hank &amp; John,https://rss.art19.com/dear-hank-john
Lenny&apos;s Podcast: Product | Career | Growth,https://api.substack.com/feed/podcast/10845/private/bc48b913-6532-4b94-84e4-5ec754d742cb.rss
Accidental Tech Podcast,https://cdn.atp.fm/rss/public?wtvryzdm
